age;sex;bmi;bp;s1;s2;s3;s4;s5;s6
0.038075906;0.050680119;0.061696207;0.021872355;-0.044223498;-0.034820763;-0.043400846;-0.002592262;0.019908421;-0.017646125
-0.011882017;-0.064641637;-0.051474061;-0.026327835;-0.008448724;-0.01916334;0.074411564;-0.075493383;-0.068329744;-0.09220405
0.085298906;0.050680119;0.064451213;-0.005670611;-0.045599451;-0.034194466;-0.032355932;-0.002592262;0.002863771;-0.025930339
-0.089062939;-0.044641637;-0.011595015;-0.036656447;0.012190569;0.024990593;0.03603757;0.034308859;0.022692023;-0.009361911